epoch,loss,mean_squared_error,val_loss,val_mean_squared_error
0,223572.97329625,223572.97,500838.35398,500838.6
1,174151.907954375,174151.86,522129.28028,522129.53
2,173152.399689375,173152.55,486757.78788,486757.6
3,173119.3261575,173119.28,535836.93111,535837.06
4,173241.402135625,173241.39,545773.4719,545773.75
5,173088.924041875,173088.94,539506.43566,539506.2
